ID,COURSECODE,COURSEDESC 
1,CC 2260,"CLINICAL CHEMISTRY 2 WITH ENDOCRINOLOGY,"
2,HEMA 2260,HEMATOLOGY 2
3,HISTOPATH,HISTOPATHOLOGY & CYTOLOGIC TECHNIQUES
4,IMMUNO,IMMUNOHEMATOLGY
5,MBD 260,MOLECULAR BIOLOGY & DIAGNOSTICS
6,MYCO 260,MYCOLOGY & VIROLOGY
7,MT RES 2,MED LAB SCIENCE RESEARCH PAPER WRITING & PRESENTATION
8,CL 2260,CLINICAL INTERNSHIP 2
9,MTAP 2260,MEDICAL TECHNOLOGY ASSESSMENT PROGRAM 2
10,SEM 2260,SEMINAR 2
11,GE P260,PURPOSIVE COMMUNICATION
12,GE M260,MATHEMATICS IN THE MODERN WORLD
13,GE S260,"SCIENCE,TECHNOLOGY & SOCIETY"
14,GE E260,ETHICS
15,CPH 260,COMMUNITY & PUBLIC HEALTH FOR MEDICAL LAB SCIENCE
16,ANA CHEM,ANALYTICAL CHEMISTRY (QUALITATIVE AND
17,FIT 2260,(PATH-FIT)PHYSICAL ACTIVITY TOWARDS HEALTH & FITNESS 2
18,CLIN PARA,CLINICAL PARASITOLOGY
19,HUM HIST,HUMAN HISTOLOGY
20,PMLSP 2,PRINCIPLES OF MEDICAL LABORATORY SCIENCE PRACTICE 2
21,G ELEC260,LIVING IN THE IT ERA
22,HISM 1,HEALTH INFORMATION SYSTEM FOR MED LAB SCIENCE
23,CYT 260,CYTOGENETICS
24,FIT 4260,(PATH-FIT)PHYSICAL ACTIVITY TOWARDS HEALTH & FITNESS 4
25,GE L260,"LIFE, WORKS & WRITINGS OF RIZAL"
26,G ELEC3260,ENTREPRENEURIAL MIND
27,PHYS 1171,GENERAL PHYSICS
28,GE U271,UNDERSTANDING THE SELF
29,GE R271,READINGS IN PHILIPPINE HISTORY
30,GE C271,THE CONTEMPORARY WORLD
31,G ELEC1271,LIVING IN THE IT ERA
32,GEN 271,GENETICS
33,FIT 2271,(PATH-FIT)PHYSICAL ACTIVITY TOWARDS HEALTH 2
34,RT 1271,INTRODUCTION TO RADIOLOGIC TECHNOLOGY & HEALTH CARE
35,ANA 1271,HUMAN ANATOMY & PHYSIOLOGY
36,GE P271,PURPOSIVE COMMUNICATION
37,GE P300,PURPOSIVE COMMUNICATION
38,GE M271,MATHEMATICS IN MODERN WORLD
39,GE E271,ETHICS
40,G ELEC2271,THE ENTREPRENEURIAL MIND
41,MEDTERM271,MEDICAL TERMINOLOGY
42,RT 4271,RADIATION PRODUCTION & CHARACTERISTICS
43,GE S271,"SCIENCE,TECHNOLOGY AND SOCIETY"
44,GE A271,ART APPRECIATION
45,FIT 4271,(PATH-FIT)PHYSICAL ACTIVITY TOWARDS HEALTH & FITNESS 4
46,RT 6271,RADIOBIOLOGY
47,RT 7271,RADIATION ANATOMY & PHYSIOLOGY
48,RT 8271,PATIENT CARE & MANAGEMENT
49,RT 9271,IMAGING EQUIPMENT & MAINTENANCE
50,RT 11271,COMPUTED & DIGITAL RADIOGRAPHY
51,PAV 271,PHARMACOLOGY & VENIPUNCTURE
52,GE L112,"LIFE,WORKS & WRITINGS OF RIZAL"
53,RT 10271,"FILM-SCREEN ACQUISITION,PROCESSING AND"
54,RT 3271,IMAGING SCIENCE AND INFORMATICS
55,RT 2271,PRINCIPLES OF IMAGING
56,RT 19271,RADIOGRAPHIC POSITIONING & RADIOLOGIC PROCEDURES 2
57,RT 20271,COMPUTED TOMOGRAPHY
58,RT 21271,MAGNETIC RESONANCE IMAGING
59,RT 22271,MAMMOGRAPHY
60,RT 23271,INTERVENTIONAL RADIOLOGY
61,RT 24271,RADIATION THERAPY
62,RT 25271,NUCLEAR MEDICINE
63,RES 2271,RESEARCH WRITING
64,INT 2171,SENIOR INTERNSHIP
65,SEM 2171,RESEARCH WRITING 2
66,INT 2271,CLINICAL EDUCATION 2
67,IT 103N,COMPUTER PROGRAMMING 2
68,ITCI 101,INTRO TO HUMAN COMPUTER INTERACTION
69,GE A700,ART APPRECIATION
70,GE E700,ETHICS
71,GE S700,"SCIENCE,TECHNOLOGY & SOCIETY"
72,FIT 2700,(PATH-FIT)PHYSICAL ACTIVITY TOWARDS HEALTH & FITNESS 2
73,ADET 700,APPLICATION DEVELOPMENT & EMERGING TECHNOLOGIES
74,QM 700,QUANTITATIVE METHODS(MODELLING & SIMULATION)
75,IPT 1700,INTEGRATIVE PROGRAMMING & TECHNOLOGIES I
76,IM 1N700,INFORMATION MANAGEMENT
77,HCI 2700,HUMAN COMPUTER INTERACTION 2
78,IOT 700,INTERNET OF THING
79,G ELEC2700,GENDER & SOCIETY
80,G ELEC3700,PEOPLE & THE EARTH'S ECOSYSTEM
81,FIT 4700,(PATH-FIT)PHYSICAL ACTIVITY TOWARDS HEALTH & FITNESS 4
82,NAS 700,NETWORK ADVANCED SECURITY
83,ADS 700,ADVANCE DATABASE SYSTEMS
84,IAS 1700,INFORMATION ASSURANCE AND SECURITY I
85,SAM 700,SYSTEMS ADMINISTRATION & MAINTENANCE
86,WMSS 700,WEB MANAGEMENT SYSTEMS & SECURITY
87,SPI 700,SOCIAL & PROFESSIONAL ISSUES
88,CPR 1700,CAPSTONE PROJECT & RESEARCH 1(PROPOSAL & DESIGN)
89,PR 700,PRACTICUM
90,E.D.3280,FOUNDATION OF SPECIAL & INCLUSIVE EDUCATION
91,E.D.2280,THE TEACHING PROFESSION
92,GE R280,READINGS IN PHILIPPINE HISTORY
93,GE U280,UNDERSTANDING THE SELF
94,FIT 2280,(PATH-FIT)PHYSICAL ACTIVITY TOWARDS HEALTH & FITNESS 2
95,EL 101,"LANGUAGE,CULTURE & SOCIETY"
96,EL 102,STRUCTURE OF ENGLISH
97,GE A280,ART APPRECIATION
98,GE S280,"SCIENCE,TECHNOLOGY AND SOCIETY"
99,G ELEC3251,READINGS IN VISUAL ARTS
100,ENG 1N,TEACHING ENGLISH IN THE ELEMENTARY GRADES(LANGUAGE ARTS)
101,TLE 1280,EDUKASYONG PANTAHAN AT PAGKABUHAYAN
102,MATH 2N,TEACHING MATH IN THE INTERMEDIATE GRADES
103,SSC 2280,TEACHING SOCIAL STUDIES IN ELEMENTARY GRADES
104,MTB-MLE,CONTENT & PEDAGOGY FOR THE MOTHER TONGUE
105,E.D.6280,THE TEACHER & THE COMMUNITY SCHOOL CULTURE &
106,FIT 4280,(PATH-FIT)PHYSICAL ACTIVITY TOWARDS HEALTH & FITNESS 4
107,E.D.9280,ASSESSMENT OF LEARNING 2
108,PEH,TEACHING PE & HEALTH IN THE ELEMENTARY GRADES
109,RES 280,RESEARCH IN EDUCATION
110,FIL 2N,PAGTUTURO NG FILIPINO SA ELEMENTARY II-
111,TLE 2280,EDUKASYONG PANTAHANAN AT PANGKABUHAYAN WITH
112,LET 1280,LET ENHANCEMENT (GENERAL EDUCATION COURSES) I
113,TMGC 285,TEACHING MULTI GRADE CLASSES
114,GELEC3252,READING VISUAL ARTS
115,EL 104,LANGUAGE PROGRAM & POLICIES IN MULTILINGUAL SOCIETIES
116,EL 105,LANGUAGE LEARNING MATERIALS DEVELOPMENT
117,EL 110,LANGUAGE RESEARCH
118,EL 111,CHILDREN & ADOLESCENT LITERATURE
119,EL 118,TECHNICAL WRITING
120,C W 251,CREATIVE WRITING (ELECTIVE 1)
121,ESP 151,ENGLISH FOR SPECIFIC PURPOSES (ELECTIVE 2)
122,EL 106,TEACHING & ASSESSMENT OF LITERATURE STUDIES
123,EL 117,LITERARY CRITICISM
124,EL 119,CAMPUS JOURNALISM
125,SNED 11285,INSTRUCTIONAL ADAPTATIONS IN MATHEMATICS AND
126,SNED 12285,INSTRUCTIONAL ADAPTATIONS FOR TEACHING AND
127,SNED 13285,DEVELOPMENT OF INDIVIDUALIZED EDUCATION PLANS
128,SNED 15285,TRANSITION EDUCATION
129,SNED 16285,RESEARCH IN SPECIAL NEEDS & INCLUSIVE EDUCATION
130,REVIEW 180,LET REVIEW
131,ED 10180,PRACTICE TEACHING
132,PR 280,TEACHING INTERNSHIP
133,ED 1180,CHILD & ADOLESCENT DEVELOPMENT
134,ED 3180,PRINCIPLES OF TEACHING 1
135,ED 9151,THE TEACHING PROFESSION
136,ED TEC1180,EDUCATIONAL TECHNOLOGY 1
137,ED 7180,ASSESSMENT OF STUDENT LEARNING 1
138,DR 1151,DEVELOPMENTAL READING I
139,GE U300,UNDERSTANDING THE SELF
140,GE R300,READINGS IN PHILIPPINE HISTORY
141,GE M300,MATHEMATICS IN THE MODERN WORLD
142,GE A300,ART APPRECIATION
143,LIT 2300,LITERATURE OF THE WORLD
144,IPCJS 1300,INTRODUCTION TO PHILIPPINE CRIMINAL JUSTICE SYSTEM
145,LEOA 1300,LAW ENFORCEMENT ORGANIZATION & ADMINISTRATION
146,DEFENSE 2,ARNIS & DISARMING TECHNIQUES
147,NSTP 2285B,CWTS 2-SOCIAL AWARENESS & EMPOWERMENT FOR SERVICE
148,NSTP 2285C,LITERACY TRAINING SERVICE
149,NSTP 2300A,ROTC 2-MILITARY SCIENCE 2
150,ADGE 2300,GENERAL CHEMISTRY (ORGANIC)
151,GE S300,"SCIENCE,TECHNOLOGY AND SOCIETY"
152,HBV 300,HUMAN BEHAVIOR & VICTIMOLOGY
153,PCES 300,PROFESSIONAL CONDUCT & ETHICAL STANDARDS
154,PIT 300,PERSONAL IDENTIFICATION TECHNIQUES
155,CLB 2300,CRIMINAL LAW (BOOK 2)
156,SCI 1300,SPECIALIZED CRIME INVESTIGATION I WITH LEGAL MEDICINE
157,ISC 300,INTRODUCTION TO INDUSTRIAL SECURITY CONCEPTS
158,DEFENSE 4,FUNDAMENTALS MARKMANSHIP & COMBAT SHOOTING
159,GE 758,GENDER & SOCIETY
160,THC 3758,QUALITY SERVICE MANAGEMENT IN TOURISM AND HOSPITALITY
161,THC 4758,"PHILIPPINE CULTURE,TOURISM & GEOGRAPHY"
162,THC 5758,MACRO PERSPECTIVE OF TOURISM & HOSPITALITY
163,FIT 2758,(PATH-FIT)PHYSICAL ACTIVITY TOWARDS HEALTH
164,GE S758,"SCIENCE,TECHNOLOGY AND SOCIETY"
165,GE E758,ETHICS
166,HPC 7758,INTRODUCTION TO MICE
167,BME 1759,OPERATIONS MANAGEMENT
168,HPC 8758,FOREIGN LANGUAGE 2 (HPC)
169,PER DEV758,PERSONALITY DEVELOPMENT IN HOSPITALITY INDUSTRY
170,G ELEC3758,READINGS IN VISUAL ARTS
171,FIT 4758,(PATH-FIT)PHYSICAL ACTIVITY TOWARDS HEALTH
172,TQM 758,TOTAL QUALITY MANAGEMENT
173,THC 8758,LEGAL ASPECTS IN TOURISM & HOSPITALITY
174,THC 9758,ENTREPRENEURSHIP IN TOURISM & HOSPITALITY
175,HPC 9758,ERGONOMICS & FACILITIES PLANNING FOR THE HOSPITALITY
176,HMPE 6758,FRONT OFFICE OPERATIONS
177,HMPE 7758,BREAD & PASTRY
178,HMPE 8758,ASIAN CUISINE
179,PR 1758,PRACTICUM 1 RESTAURANT PHASE (400HRS)
180,PR 2758,PRACTICUM 2 HOTEL PHASE (400HRS)
181,THC 3759,TOURISM AND HOSPITALITY SERVICE QUALITY MANAGEMENT
182,TPC 5759,TOURISM & HOSPITALITY 2 (MACRO PERSPECTIVE OF TOURISM
183,TPC 1759,TOUR AND TRAVEL MANAGEMENT
184,TPC 6759,FOREIGN LANGUAGE 1 (HPC)
185,TPC5759,TOURISM POLICY PLANNING & DEVELOPMENT
186,G ELEC2759,ENTREPRENEURIAL MIND
187,TPC 7759,TRANSPORTATION MANAGEMENT (COVERS AIR AND LAND & SEA)
188,TMFE 6759,FRONT OFFICE OPERATION
189,TPC 8759,FOREIGN LANGUAGE 2
190,PR 1759,PRACTICUM 1-INDUSTRY EXPOSURE 400HRS
191,PR 2759,PRACTICUM 2- INDUSTRY IMMERSION 400HRS
192,AC 1487,ADVANCE ACCOUNTING
193,MM 2488,DIRECT MARKETING
194,GE A488,ART APPRECIATION
195,FIT 2488,(PATH-FIT)PHYSICAL ACTIVITY TOWARDS HEALTH
196,RM 488,RETAIL MANAGEMENT
197,P.M. 488,PRODUCT MANAGEMENT
198,TAX 1488,TAXATION (INCOME TAXATION)
199,BL 1488,BUSINESS LAW(OBLIGATION & CONTRACT)
200,ITE 1488,COMPUTER APPLICATION AND E-COMMERCE
201,DM 488,DISTRIBUTION MANAGEMENT
202,AD 488,ADVERTISING
203,FIT 4488,(PATH-FIT)ITNESS TOWARDS HEALTH & FITNESS 4
204,STFMH 487,"SPECIAL TOPICS IN FINANCE,MARKETING,HUMAN RESOURCE"
205,STFM 488,SPECIAL TOPICS IN FINANCE AND MARKETING
206,HBO 488,HUMAN BEHAVIOR IN ORGANIZATION
207,BS 486,BUSINESS RESEARCH
208,OM 487,OPERATIONS MANAGEMENT (TQM)
209,GE P112,PURPOSIVE COMMUNICATION
210,ITE 3488,MANAGEMENT INFORMATION SYSTEM
211,PROF S488,PROFESSIONAL SALESMANSHIP
212,PF 1488,PERSONAL FINANCE
213,PR 488,PRACTICUM/WORK INTEGRATED LEARNING (600 HOURS)
214,PM 487,PRINCIPLES OF MARKETING
215,MGMT 5487,LABOR LAW AND LEGISLATIVE
216,AOM 487,ADMINISTRATIVE AND OFFICE MANAGEMENT
217,RS 487,RECRUITMENT AND SELECTION
218,BK 1487,BOOKKEEPING
219,OD 487,ORGANIZATIONAL DEVELOPMENT
220,FS 487,FEASIBILITY STUDY
221,FM 1486,FINANCIAL MANAGEMENT
222,FL 486,FOREIGN LANGUAGE
223,PM 488,PRINCIPLES OF MANAGEMENT
224,BFI 486,BANKING AND FINANCIAL INSTITUTIONS
225,MPCB 486,MONETARY POLICY & CENTRAL BANKING
226,STFMH 486,"SPECIAL TOPICS IN FINANCE, MARKETING,HUMAN RESOURCE"
227,CM 486,CAPITAL MARKETS
228,SRGG,SOCIAL RESPONSIBILITY & GOOD GOVERNANCE
229,MKTG   7,ADVERTISING
230,MKTG   8,RETAIL MANAGEMENT
231,MKTG   9,DISTRIBUTION MANAGEMENT
232,EM 486,ENTREPRENEURIAL MANAGEMENT
233,FIN 10488,ENTREPRENEURIAL MANAGEMENT
234,ENTREP1388,ENTREPRENEURIAL MANAGEMENT
235,GE E112,ETHICS
236,M G T  11,TRAINING AND DEVELOPMENT
237,MGT  8,MARKETING MANAGEMENT
238,MGT  9,LABOR RELATIONS AND NEGOTIATIONS
239,MGT  10,INTERNATIONAL TRADE AND MARKETING
240,MEM 201,SOCIAL STATISTICS
241,MHRM 221,MANAGEMENT BY FILIPINO VALUES
242,EM 213,CURRENT ISSUES AND TRENDS IN EDUCATION
243,MHRM 210,PERSONNEL MANAGEMENT
244,MHRM 216,EXECUTIVE DEVELOPMENT
245,MEM A-299,THESIS COUNSELING I
246,MEM A-300,THESIS COUNSELING II
247,PM 213,ORGANIZATION  DEVELOPMENT
248,PM 213,ORGANIZATION DEVELOPMENT
249,EM 214,EDUCATIONAL RESOURCE PLANNING & MANAGEMENT
250,EM 210,ADVANCED EDUCATIONAL ADMINISTRATION &
251,PM 215,PHILIPPINE LOCAL GOVERNMENT
252,EM 200,PHILOSOPHICAL & FOUND. OF EDUCATION
253,SOCWORK 2,PHILIPPINE SOCIAL REALITIES & SOCIAL WELFARE
254,SOCWORK 3,FILIPINO PERSONALITY & SOCIAL WORK
255,GE C214,THE CONTEMPORARY WORLD
256,GE 4214,MATHEMATICS IN THE MODERN WORLD
257,PSYCH 2214,MENTAL HYGIENE
258,GE  S214,ART APPRECIATION
259,GE P214,PURPOSIVE COMMUNICATION
260,FIT 2214,(PATH-FIT)PHYSICAL ACTIVITY TOWARDS HEALTH & FITNESS 2
261,SOCWORK 7,"SOCIAL WELFARE POLICIES,PROGRAMS & SERVICES"
262,SOCWORK 8,SOCIAL WORK STATISTICS
263,SOCWORK 9,SOCIAL WORK COUNSELING
264,SOCWORK 10,SOCIAL WORK PRACTICE WITH INDIVIDUALS & FAMILIES
265,SOCWORK 11,SOCIAL WORK COMMUNICATION & DOCUMENTATION
266,GE R214,"LIFE,WORKS & WRITINGS OF RIZAL"
267,FIT 4214,(PATH-FIT)PHYSICAL ACTIVITY TOWARDS HEALTH & FITNESS 4
268,PSYCH 3214,ABNORMAL PSYCHOLOGY
269,SOCWORK 16,SOCIAL WORK PRACTICE WITH COMMUNITIES
270,SOCWORK 17,SOCIAL WORK COMMUNITY EDUCATION & TRAINING
271,SOCWORK 18,SOCIAL WORK RESEARCH II(IMPLEMENTATION OF A RESEARCH
272,SOCWORK 19,SEMINAR ON CURRENT TRENDS IN SOCIAL WORK PRACTICE
273,SOCWORK 20,FIELDS IN SOCIAL WORK(WITH EDUCATIONAL TOUR TO VARIOUS
274,PSYCH 4214,SOCIAL PSYCHOLOGY
275,SOCWORK 23,FIELD INSTRUCTION II(500HOURS)
276,SW 21A,SOCIAL WORK COMPREHENSIVE & INTEGRATED APPROACHES
277,SW 22A,SEMINAR ON CURRENT TRENDS IN SOCIAL WORK PRACTICE
278,BIO 10309,SYSTEMATICS
279,CHEMBIO 1,CHEMICAL BIOLOGY I(ORGANIC MOLECULES)
280,STAT BIO,STATISTICAL BIOLOGY
281,GE P309,PURPOSIVE COMMUNICATION
282,GE C309,THE CONTEMPORARY WORLD
283,CHEM BIO 3,BIOMOLECULES
284,EVO BIO,EVOLUTIONARY BIOLOGY
285,G ELEC2309,HUMAN REPRODUCTION
286,GE L309,LIFE & WORKS OF RIZAL
287,PARA 309,PARASITOLOGY
288,ENTO 309,ENTOMOLOGY
289,CVA 309,COMPARATIVE VERTEBRATE ANATOMY
290,BIO PHYS,BIOPHYSICS
291,THESIS 1,RESEARCH METHODOLOGY I
292,THESIS 2,RESEARCH METHODOLOGY 2
293,BRM 309,BIOLOGICAL RESOURCE MANAGEMENT
294,RT 5271,"PROFESSIONAL ETHICS,JURISPRUDENCE & CULTURAL"
295,NIC 300,NON-INSTITUTIONAL CORRECTIONS
296,TM 300,THERAPEUTIC MODALITIES
297,LDT 300,LIE DETECTION TECHNIQUES
298,POLSC 7200,POLYGRAPHY (LIE DETECTION)
299,FB 300,FORENSIC BALLISTICS
300,CE 300,EVIDENCE
301,FTAI 300,FIRE PROTECTION & ARSON INVESTIGATION
302,VDEC 300,VICE & DRUG EDUCATION AND CONTROL
303,TE 2300,TECHNICAL ENGLISH 2(LEGAL FORMS)
304,ICEP 300,INTRODUCTION TO CYBERCRIME & ENVIRONMENTAL
305,MC 2112,BIOCHEMISTRY
306,NCM 102N,HEALTH EDUCATION
307,MC 1112,ANATOMY & PHYSIOLOGY
308,NCM 103N,FUNDAMENTALS OF NURSING PRACTICE
309,RLE 103N,NCM103N RELATED LEARNING EXPERIENCED
310,FIT 2112,(PATH-FIT)PHYSICAL ACTIVITY TOWARDS HEALTH & FITNESS 2
311,MC 3112,MICROBIOLOGY & PARASITOLOGY
312,RLE 103N,NCM103N RELATED LEARNING EXPERIENCES
313,NCM 101N,HEALTH ASSESSMENT
314,RLE 101N,RELATED LEARNING EXPERIENCE
315,NCM 109,"CARE OF MOTHER,CHILD AT RISK OR WITH PROBLEMS"
316,RLE 109,RELATED LEARNING EXPERIENCES
317,NCM 110,NURSING INFORMATICS
318,GE S112,"SCIENCE,TECHNOLOGY AND SOCIETY"
319,GE A112,ART APPRECIATION
320,FIT 4112,(PATH-FIT)PHYSICAL AWARENESS TOWARDS HEALTH & FITNESS 4
321,G ELEC1112,LIVING IN THE IT ERA
322,NI 110,NURSING INFORMATICS
323,PE 4180,TEAM SPORTS
324,NCM 105N,NUTRITION & DIET THERAPY
325,NCM 107N,"CARE OF MOTHER, CHILD,ADOLESCENT(WELL CLIENTS)"
326,RLE 107N,RELATED LEARNING EXPERIENCES
327,NCM 106N,PHARMACOLOGY
328,NCM 104N,COMMUNITY HEALTH NURSING I(INDIVIDUAL & FAMILY AS CLIENTS)
329,RLE 104N,RELATED LEARNING EXPERIENCES
330,NCM 108,HEALTH ETHICS(BIOETHICS)
331,NCM 115,NURSING RESEARCH 2
332,NCM 117,CARE OF CLIENTS WITH MALADAPTIVE PATTERNS OF
333,RLE 117,RELATED LEARNING EXPERIENCES
334,NCM 116,"CARE OF CLIENTS WITH PROBLEMS IN NUTRITION,GASTRO-"
335,RLE 116,RELATED LEARNING EXPERIENCES
336,G ELEC2112,GENDER AND SOCIETY
337,GEN 112,GENETICS
338,NCM 112,"CARE OF CLIENTS WITH PROBLEMS IN OXYGENATION,FLUID"
339,RLE 112,RELATED LEARNING EXPERIENCES
340,NCM 113,"COMMUNITY HEALTH NURSING 2 (POPULATION,GROUPS AND"
341,RLE 113,RELATED LEARNING EXPERIENCES
342,NCM 111,NURSING RESEARCH 1
343,NCM 114,CARE OF THE OLDER ADULT
344,RLE 114,RELATED LEARNING EXPERIENCES
345,NCM 121,DISASTER NURSING
346,RLE 121,RELATED LEARNING EXPERIENCES
347,CA 2112,COMPETENCY APPRAISAL 2
348,NCM 122,INTENSIVE NURSING PRACTICUM (HOSPITAL & COMMUNITY SETTINGS)
349,NCM 118,"NURSING CARE OF CLIENTS WITH LIFE THREATENING CONDITIONS,"
350,RLE 118,RELATED LEARNING EXPERIENCES
351,CA 1112,COMPETENCY APPRAISAL I
352,G ELEC3112,THE ENTREPRENUERIAL MIND
353,NCM 119,NURSING LEADERSHIP & MANAGEMENT
354,RLE 119,RELATED LEARNING EXPERIENCES
355,I N P,INTENSIVE NURSING PRACTICUM
356, RLE107,NCM 107 RELATED LEARNING EXPERIENCE
357,RLE105,NCM 105 RELATED LEARNING EXPERIENCE
358,PRECAL,PRE-CALCULUS
359,NCM 100N,THEORETICAL FOUNDATION OF NURSING
360,C.INTER 1,ON-THE-JOB & COMMUNITY IMMERSION ON BASIC
361,C.INTER 2,ON-THE-JOB TRAINING & COMMUNITY IMMERSION ON
362,EPA 2A,ENRICHMENT PROGRAM AUDIT ON FORENSIC
363,EPA 2,ENRICHMENT PROGRAM AUDIT ON CRIMINAL DETECTION AND
364,EPA 3,ENRICHMENT PROGRAM AUDIT ON CRIMINOLOGY
365,EPA 3A,ENRICHMENT PROGRAM AUDIT ON CORRECTIONAL
366,RT 18271,QUALITY ASSURANCE & QUALITY CONTROL
367,RT 12,QUALITY ASSURANCE & QUALITY CONTROL
368,PE  3213,INDIVIDUAL AND DUAL SPORTS
369,PE 4171,TEAM SPORTS
370,PE2171,DANCE AND RHYTHMIC ACTIVITIES
371,MD-101,INTRODUCTION TO OBSTETRICS AND NEWBORN
372,CP/RLEMID1,CP/RLE CLINICAL PRACTICUM/MID101-A
373,ANA 120,ANATOMY & PHYSIOLOGY
374,MID 100,FOUNDATIONS OF MIDWIFERY PRACTICE
375,CP/RLEM100,CP/RLE MID 100 CLINICAL PRACTICUM (153HRS)
376,HEDUC 121,PRINCIPLES & METHODS & STRATEGIES OF TEACHING
377,G ELEC1121,HUMAN REPRODUCTION
378,G ELEC3121,PHILIPPINE POPULAR CULTURE
379,MD-102,"PATHOLOGIC OB,BASIC GYNECOLOGY,FAMILY PLANNING"
380,CP/RLEM102,CP/RLE CLINICAL PRACTICUM/MID102A
381,HI 125,HEALTH INFORMATICS
382,MAT 3125,BIOSTATISTICS
383,CHEM 1121,GENERAL CHEMISTRY
384,MID MAJ,MIDWIFERY MAJOR
385,RLE MD121,MIDWIFERY MAJOR- RELATED LEARNING EXPERIENCE
386,MIDRES 2,MIDWIFERY RESEARCH 2(PAPER WRITING PRESENTATION)
387,MIDRES 121,MIDWIFERY RESEARCH I(PROPOSAL WRITING)
388,M-106,ADMINISTRATION AND SUPERVISION
389,RLE 106,MID 106 RELATED LEARNING EXPERIENCE (153HRS.)
390,FL 1125,FOREIGN LANGUAGE
391,MATH   1,COLLEGE ALGEBRA
392,EM 202,METHODS OF RESEARCH
393,EM 230,COMPREHENSIVE EVALUATION
394,EM 231,SEMINAR PAPER
395,PM 216,STRATEGIC  MANAGEMENT
396,HUM 1,"ART,MAN & SOCIETY"
397,ED 2151,FACILITATING LEARNING
398,LIT  1,LITERATURE OF THE PHILIPPINES
399,STC 2180,ALTERNATIVE LEARNING SYSTEM
400,FIT 3214,(PATH-FIT)PHYSICAL ACTIVITY TOWARDS HEALTH & FITNESS 3
401,STC 3180,TEACHING MULTI-GRADE CLASSES
402,FS 3180,TECHNOLOGY IN THE LEARNING ENVIRONMENT
403,PSYCH   1,GENERAL PSYCHOLOGY
404,CS402,NETWORK ADMINISTRATION
405,HRE 300,HUMAN RIGHTS EDUCATION
406,CR 2300,CRIMINOLOGICAL RESEARCH 2(THESIS WRITING AND
407,CRIM 6(B),CRIMINOLOGICAL RESEARCH & STATISTICS
408,ELEC4,ELETIVE 4
409,GE U488,UNDERSTANDING THE SELF
410,MEM 200,PHILOSOPHICAL FOUNDATION OF EDUCATION
411,MHRM 203,HUMAN BEHAVIOR IN ORGANIZATION
412,B U SMATH1,MATHEMATICS OF INVESTMENT
413,SFD,STUDENT FORMATION & DEVELOPMENT
414,FIN 1488,FINANCE
415,HUM 1110,WORLD CIVILIZATION & LITERATURE
416,LEA 2200,INDUSTRIAL  SECURITY & MANAGEMENT
417,ELEC2600,ELECTIVE 2
418,CS 309,OPERATING SYSTEM
419,ELEC3600,ELECTIVE 3
420,CS 401,NETWORK DESIGN AND MANAGEMENT
421,GE M700,MATHEMATICS IN THE MODERN WORLD
422,GE P700,PURPOSIVE COMMUNICATION
423,PHC 2121,PRIMARY HEALTH CARE 2
424,PHC2CP/RLE,PHC 2 CLINICAL PRACTICUM/RLE (102HRS)
425,COMP 4488,DBASE MANAGEMENT SYSTEM & PROGRAMMING
426,LEA.5200,POLICE PERSONNEL & RECORDS MANAGEMENT
427,QDE 300,QUESTIONED DOCUMENTS EXAMINATION
428,CRIM 6(A),CRIMINOLOGICAL RESEARCH & STATISTICS
429,EPA,ENRICHMENT PROGRAM AUDIT
430,MS 42,ADVANCE MILITARY SCIENCE
431,MS 32,ADVANCE MILITARY SCIENCE
432,FIL2171,PAGBASA AT PAGSULAT TUNGO SA PANANALIKSIK
433,NCM 106,"CARE OF CLIENTS WITH PROBLEMS IN CELLULAR ABERRATIONS,"
434,EPA 1,ENRICHMENT PROGRAM AUDIT ON JURISPRUDENCE
435,EPA 1A,ENRICHMENT PROGRAM AUDIT ON LAW ENFORCEMENT
436,N C M 107,NURSING LEADERSHIP AND MANAGEMENT
437,MEM 221,EDUCATIONAL LAW & LEGAL BASIS OF EDUCATION
438,SOAN 171,SOCIOLOGY-ANTHROPOLOGY WITH FAMILY PLANNING
439,G ELEC1488,GENDER & SOCIETY
440,GE E488,ETHICS
441,LEA 6,COMPARATIVE POLICE SYSTEM
442,CRIM2,PHIL. CRIMINAL JUSTICE SYSTEM
443,SOCSCI200,SOCIETY & CULTURE WITHFAMILY PLANNING
444,MATH3200,BASIC STATISTICS
445,CDI4200,ORGANIZED CRIME INVESTIGATION
446,CDI5200,DRUG EDUCATION & VICE CONTROL
447,CLJ6200,CRIMINAL PROCEDURE & COURT TESTIMONY
448,BUSMATH2,QUANTITATIVE TECHNIQUES IN BUSINESS
449,PE 2180,DANCE AND RHYTHMIC ACTIVITIES
450,SCI 2280,TEACHING SCIENCE IN ELEMENTARY GRADES
451,VED 280,GOOD MANNERS & RIGHT CONDUCT(EDUKASYON SA PAGPAPAKATAO)
452,PRACT1388,IN-CAMPUS PRACTICUM (150HRS)
453,GEN 300,GENETICS
454,ECON  1,BASIC ECONOMICS WITH TAXATION AND LAND REFORM
455,CDI 2200,TRAFFIC MANAGEMENT WITH DEFENSIVE DRIVING & ACCIDENT
456,PHILO 2213,LOGIC & CRITICAL THINKING W/VALUES EDUCATION
457,CRIM4200,JUVENILE DELINQUENCY & CRIME PREVENTION
458,FORCHEM2,FORENSIC CHEMISTRY & TOXICOLOGY
459,CDI6200,FIRE TECHNOLOGY & ARSON INVESTIGATION
460,NATSC 2A,BIOLOGICAL SCIENCE
461,ENG 4A,TECHNICAL REPORT WRITING 2
462,CRIM.6200,LEGAL MEDICINE
463,CLJ 4,CRIMINAL EVIDENCE
464,CLJ 5,COURT TESTIMONY
465,DT 3200,FIRST AID AND WATER SURVIVAL
466,ENG 3,SPEECH & ORAL COMMUNICATION
467,PHYS2600,GENERAL PHYSICS 2
468,NSTP 1260B,CWTS 1-FOUNDATION OF SERVICE I
469,COMP2388,COMPUTER WORD PROGRAMMING & SPREADSHEET
470,MGT 15387,SPECIAL TOPICS IN BUSINESS & FIELD TRIPS
471,MGT 14387,STRATEGIC HUMAN RESOURCE MANAGEMENT
472,CDI3200,SPECIAL CRIME INVESTIGATION
473,ECON2388,BASIC MICRO ECONOMICS
474,PHGC 120,"PHILIPPINE HISTORY, GOVERMENT & NEW CONSTITUTIONS"
475,CS 311,SYSTEM ANALYSIS & DESIGN
476,PEVE,PROFESSIONAL ETHICS & VALUES EDUCATION
477,FREE ELEC1,FREE ELECTIVE 1
478,CRIM5,HUMAN BEHAVIOR AND CRISIS MANAGEMENT
